{
    "name": "root",
    "gauges": {
        "CrowdSim.Policy.Entropy.mean": {
            "value": 1.3446134328842163,
            "min": 1.3446134328842163,
            "max": 1.4208978414535522,
            "count": 10
        },
        "CrowdSim.Policy.Entropy.sum": {
            "value": 67147.3046875,
            "min": 67147.3046875,
            "max": 71306.3359375,
            "count": 10
        },
        "CrowdSim.Environment.EpisodeLength.mean": {
            "value": 25.764453961456102,
            "min": 25.764453961456102,
            "max": 138.4403409090909,
            "count": 10
        },
        "CrowdSim.Environment.EpisodeLength.sum": {
            "value": 48128.0,
            "min": 48128.0,
            "max": 50149.0,
            "count": 10
        },
        "CrowdSim.Step.mean": {
            "value": 499999.0,
            "min": 49979.0,
            "max": 499999.0,
            "count": 10
        },
        "CrowdSim.Step.sum": {
            "value": 499999.0,
            "min": 49979.0,
            "max": 499999.0,
            "count": 10
        },
        "CrowdSim.Policy.ExtrinsicValueEstimate.mean": {
            "value": 5.836270809173584,
            "min": 0.5268904566764832,
            "max": 5.836270809173584,
            "count": 10
        },
        "CrowdSim.Policy.ExtrinsicValueEstimate.sum": {
            "value": 11036.3876953125,
            "min": 516.8795166015625,
            "max": 11036.3876953125,
            "count": 10
        },
        "CrowdSim.Environment.CumulativeReward.mean": {
            "value": 7.250940581332948,
            "min": 0.3181903342801062,
            "max": 7.278132853622632,
            "count": 10
        },
        "CrowdSim.Environment.CumulativeReward.sum": {
            "value": 13544.757005929947,
            "min": 112.00299766659737,
            "max": 13544.757005929947,
            "count": 10
        },
        "CrowdSim.Policy.ExtrinsicReward.mean": {
            "value": 7.250940581332948,
            "min": 0.3181903342801062,
            "max": 7.278132853622632,
            "count": 10
        },
        "CrowdSim.Policy.ExtrinsicReward.sum": {
            "value": 13544.757005929947,
            "min": 112.00299766659737,
            "max": 13544.757005929947,
            "count": 10
        },
        "CrowdSim.Losses.PolicyLoss.mean": {
            "value": 0.021135501349344853,
            "min": 0.021135501349344853,
            "max": 0.02562781962100416,
            "count": 10
        },
        "CrowdSim.Losses.PolicyLoss.sum": {
            "value": 0.10567750674672426,
            "min": 0.0922428318609794,
            "max": 0.1281390981050208,
            "count": 10
        },
        "CrowdSim.Losses.ValueLoss.mean": {
            "value": 0.05296297521640857,
            "min": 0.05296297521640857,
            "max": 0.8608462595939637,
            "count": 10
        },
        "CrowdSim.Losses.ValueLoss.sum": {
            "value": 0.26481487608204285,
            "min": 0.26481487608204285,
            "max": 4.304231297969818,
            "count": 10
        },
        "CrowdSim.Policy.LearningRate.mean": {
            "value": 1.6782454405879992e-05,
            "min": 1.6782454405879992e-05,
            "max": 0.00028459110513629995,
            "count": 10
        },
        "CrowdSim.Policy.LearningRate.sum": {
            "value": 8.391227202939996e-05,
            "min": 8.391227202939996e-05,
            "max": 0.0012843066718978002,
            "count": 10
        },
        "CrowdSim.Policy.Epsilon.mean": {
            "value": 0.10559412000000001,
            "min": 0.10559412000000001,
            "max": 0.1948637,
            "count": 10
        },
        "CrowdSim.Policy.Epsilon.sum": {
            "value": 0.5279706000000001,
            "min": 0.5003126,
            "max": 0.9281021999999999,
            "count": 10
        },
        "CrowdSim.Policy.Beta.mean": {
            "value": 0.00028914658799999987,
            "min": 0.00028914658799999987,
            "max": 0.00474369863,
            "count": 10
        },
        "CrowdSim.Policy.Beta.sum": {
            "value": 0.0014457329399999994,
            "min": 0.0014457329399999994,
            "max": 0.021412299779999994,
            "count": 10
        },
        "CrowdSim.IsTraining.mean": {
            "value": 1.0,
            "min": 1.0,
            "max": 1.0,
            "count": 10
        },
        "CrowdSim.IsTraining.sum": {
            "value": 1.0,
            "min": 1.0,
            "max": 1.0,
            "count": 10
        }
    },
    "metadata": {
        "timer_format_version": "0.1.0",
        "start_time_seconds": "1714644840",
        "python_version": "3.10.12 | packaged by Anaconda, Inc. | (main, Jul  5 2023, 19:01:18) [MSC v.1916 64 bit (AMD64)]",
        "command_line_arguments": "Z:\\Anaconda3\\envs\\crowdSim\\Scripts\\mlagents-learn --force --run-id=Test1",
        "mlagents_version": "1.0.0",
        "mlagents_envs_version": "1.0.0",
        "communication_protocol_version": "1.5.0",
        "pytorch_version": "2.2.2+cu121",
        "numpy_version": "1.23.5",
        "end_time_seconds": "1714645624"
    },
    "total": 784.1240296000033,
    "count": 1,
    "self": 0.008020299981581047,
    "children": {
        "run_training.setup": {
            "total": 0.015626100008375943,
            "count": 1,
            "self": 0.015626100008375943
        },
        "TrainerController.start_learning": {
            "total": 784.1003832000133,
            "count": 1,
            "self": 1.486174206074793,
            "children": {
                "TrainerController._reset_env": {
                    "total": 7.931965499999933,
                    "count": 1,
                    "self": 7.931965499999933
                },
                "TrainerController.advance": {
                    "total": 774.6329645939404,
                    "count": 94935,
                    "self": 1.4405574871634599,
                    "children": {
                        "env_step": {
                            "total": 621.2095591012912,
                            "count": 94935,
                            "self": 457.6421391053882,
                            "children": {
                                "SubprocessEnvManager._take_step": {
                                    "total": 162.57798239777912,
                                    "count": 94935,
                                    "self": 3.8735922939085867,
                                    "children": {
                                        "TorchPolicy.evaluate": {
                                            "total": 158.70439010387054,
                                            "count": 83352,
                                            "self": 158.70439010387054
                                        }
                                    }
                                },
                                "workers": {
                                    "total": 0.9894375981239136,
                                    "count": 94935,
                                    "self": 0.0,
                                    "children": {
                                        "worker_root": {
                                            "total": 775.4584268048638,
                                            "count": 94935,
                                            "is_parallel": true,
                                            "self": 393.1066871090734,
                                            "children": {
                                                "steps_from_proto": {
                                                    "total": 0.0002696999872568995,
                                                    "count": 1,
                                                    "is_parallel": true,