{
    "name": "root",
    "gauges": {
        "CrowdSim.Policy.Entropy.mean": {
            "value": 1.1579196453094482,
            "min": 1.1579196453094482,
            "max": 1.413032054901123,
            "count": 12
        },
        "CrowdSim.Policy.Entropy.sum": {
            "value": 11781.83203125,
            "min": 11722.2001953125,
            "max": 15331.3984375,
            "count": 12
        },
        "CrowdSim.Environment.EpisodeLength.mean": {
            "value": 199.02,
            "min": 87.04,
            "max": 406.39473684210526,
            "count": 12
        },
        "CrowdSim.Environment.EpisodeLength.sum": {
            "value": 9951.0,
            "min": 4457.0,
            "max": 15443.0,
            "count": 12
        },
        "CrowdSim.Step.mean": {
            "value": 119965.0,
            "min": 9995.0,
            "max": 119965.0,
            "count": 12
        },
        "CrowdSim.Step.sum": {
            "value": 119965.0,
            "min": 9995.0,
            "max": 119965.0,
            "count": 12
        },
        "CrowdSim.Policy.ExtrinsicValueEstimate.mean": {
            "value": 1.4194563627243042,
            "min": -4.84372615814209,
            "max": 2.537546396255493,
            "count": 12
        },
        "CrowdSim.Policy.ExtrinsicValueEstimate.sum": {
            "value": 249.82431030273438,
            "min": -944.526611328125,
            "max": 461.83343505859375,
            "count": 12
        },
        "CrowdSim.Environment.CumulativeReward.mean": {
            "value": 3.843899855464697,
            "min": -16.020318616520274,
            "max": 5.753725478900414,
            "count": 12
        },
        "CrowdSim.Environment.CumulativeReward.sum": {
            "value": 192.19499277323484,
            "min": -774.3520091176033,
            "max": 293.4399994239211,
            "count": 12
        },
        "CrowdSim.Policy.ExtrinsicReward.mean": {
            "value": 3.843899855464697,
            "min": -16.020318616520274,
            "max": 5.753725478900414,
            "count": 12
        },
        "CrowdSim.Policy.ExtrinsicReward.sum": {
            "value": 192.19499277323484,
            "min": -774.3520091176033,
            "max": 293.4399994239211,
            "count": 12
        },
        "CrowdSim.Losses.PolicyLoss.mean": {
            "value": 0.23512739157758947,
            "min": 0.23362737902445394,
            "max": 0.2433029347429227,
            "count": 12
        },
        "CrowdSim.Losses.PolicyLoss.sum": {
            "value": 27.039650031422788,
            "min": 23.29514418113441,
            "max": 32.763205005257646,
            "count": 12
        },
        "CrowdSim.Losses.ValueLoss.mean": {
            "value": 5.839766700680381,
            "min": 0.16773523509203006,
            "max": 5.839766700680381,
            "count": 12
        },
        "CrowdSim.Losses.ValueLoss.sum": {
            "value": 671.5731705782439,
            "min": 19.792757740859546,
            "max": 671.5731705782439,
            "count": 12
        },
        "CrowdSim.Policy.LearningRate.mean": {
            "value": 0.00023087856217092177,
            "min": 0.00023087856217092177,
            "max": 0.00029672332819502805,
            "count": 12
        },
        "CrowdSim.Policy.LearningRate.sum": {
            "value": 0.026551034649656004,
            "min": 0.0246654058781986,
            "max": 0.039068814977061994,
            "count": 12
        },
        "CrowdSim.Policy.Epsilon.mean": {
            "value": 0.17695951304347826,
            "min": 0.17695951304347826,
            "max": 0.19890777570093457,
            "count": 12
        },
        "CrowdSim.Policy.Epsilon.sum": {
            "value": 20.350344,
            "min": 18.121801400000003,
            "max": 27.022938000000003,
            "count": 12
        },
        "CrowdSim.Policy.Beta.mean": {
            "value": 0.0005000000000000002,
            "min": 0.0005,
            "max": 0.0005000000000000002,
            "count": 12
        },
        "CrowdSim.Policy.Beta.sum": {
            "value": 0.05750000000000002,
            "min": 0.049500000000000016,
            "max": 0.07,
            "count": 12
        },
        "CrowdSim.IsTraining.mean": {
            "value": 1.0,
            "min": 1.0,
            "max": 1.0,
            "count": 12
        },
        "CrowdSim.IsTraining.sum": {
            "value": 1.0,
            "min": 1.0,
            "max": 1.0,
            "count": 12
        }
    },
    "metadata": {
        "timer_format_version": "0.1.0",
        "start_time_seconds": "1715104032",
        "python_version": "3.10.12 | packaged by Anaconda, Inc. | (main, Jul  5 2023, 19:01:18) [MSC v.1916 64 bit (AMD64)]",
        "command_line_arguments": "Z:\\Anaconda3\\envs\\crowdSim\\Scripts\\mlagents-learn config/CrowdSim.yaml --run-id=uObstacle",
        "mlagents_version": "1.0.0",
        "mlagents_envs_version": "1.0.0",
        "communication_protocol_version": "1.5.0",
        "pytorch_version": "2.2.2+cu121",
        "numpy_version": "1.23.5",
        "end_time_seconds": "1715104425"
    },
    "total": 393.3199982000515,
    "count": 1,
    "self": 0.006429899949580431,
    "children": {
        "run_training.setup": {
            "total": 0.06456570001319051,
            "count": 1,
            "self": 0.06456570001319051
        },
        "TrainerController.start_learning": {
            "total": 393.2490026000887,
            "count": 1,
            "self": 0.09684680041391402,
            "children": {
                "TrainerController._reset_env": {
                    "total": 8.287083299946971,
                    "count": 1,
                    "self": 8.287083299946971
                },
                "TrainerController.advance": {
                    "total": 384.67571119975764,
                    "count": 5347,
                    "self": 0.08521110704168677,
                    "children": {
                        "env_step": {
                            "total": 52.42562109627761,
                            "count": 5347,
                            "self": 43.878595796762966,
                            "children": {
                                "SubprocessEnvManager._take_step": {
                                    "total": 8.489434100571088,
                                    "count": 5347,
                                    "self": 0.29835999640636146,
                                    "children": {
                                        "TorchPolicy.evaluate": {
                                            "total": 8.191074104164727,
                                            "count": 4995,
                                            "self": 8.191074104164727
                                        }
                                    }
                                },
                                "workers": {
                                    "total": 0.057591198943555355,
                                    "count": 5346,
                                    "self": 0.0,
                                    "children": {
                                        "worker_root": {
                                            "total": 379.8548685008427,
                                            "count": 5346,
                                            "is_parallel": true,
                                            "self": 349.68921370245516,
                                            "children": {
                                                "steps_from_proto": {
                                                    "total": 0.0026147000025957823,
                                                    "count": 1,
                                                    "is_parallel": true,
                                                    "self": 0.00012240000069141388,