{
    "name": "root",
    "gauges": {
        "CrowdSim.Policy.Entropy.mean": {
            "value": 1.1206356287002563,
            "min": 1.1206356287002563,
            "max": 1.1206356287002563,
            "count": 1
        },
        "CrowdSim.Policy.Entropy.sum": {
            "value": 12551.119140625,
            "min": 12551.119140625,
            "max": 12551.119140625,
            "count": 1
        },
        "CrowdSim.Step.mean": {
            "value": 9982.0,
            "min": 9982.0,
            "max": 9982.0,
            "count": 1
        },
        "CrowdSim.Step.sum": {
            "value": 9982.0,
            "min": 9982.0,
            "max": 9982.0,
            "count": 1
        },
        "CrowdSim.Policy.ExtrinsicValueEstimate.mean": {
            "value": -4.237417221069336,
            "min": -4.237417221069336,
            "max": -4.237417221069336,
            "count": 1
        },
        "CrowdSim.Policy.ExtrinsicValueEstimate.sum": {
            "value": -682.2241821289062,
            "min": -682.2241821289062,
            "max": -682.2241821289062,
            "count": 1
        },
        "CrowdSim.Losses.PolicyLoss.mean": {
            "value": 0.2424946753599434,
            "min": 0.2424946753599434,
            "max": 0.2424946753599434,
            "count": 1
        },
        "CrowdSim.Losses.PolicyLoss.sum": {
            "value": 7.274840260798302,
            "min": 7.274840260798302,
            "max": 7.274840260798302,
            "count": 1
        },
        "CrowdSim.Losses.ValueLoss.mean": {
            "value": 5.0265742656043075,
            "min": 5.0265742656043075,
            "max": 5.0265742656043075,
            "count": 1
        },
        "CrowdSim.Losses.ValueLoss.sum": {
            "value": 150.79722796812922,
            "min": 150.79722796812922,
            "max": 150.79722796812922,
            "count": 1
        },
        "CrowdSim.Policy.LearningRate.mean": {
            "value": 0.00029592408135863997,
            "min": 0.00029592408135863997,
            "max": 0.00029592408135863997,
            "count": 1
        },
        "CrowdSim.Policy.LearningRate.sum": {
            "value": 0.0088777224407592,
            "min": 0.0088777224407592,
            "max": 0.0088777224407592,
            "count": 1
        },
        "CrowdSim.Policy.Epsilon.mean": {
            "value": 0.19864136,
            "min": 0.19864136,
            "max": 0.19864136,
            "count": 1
        },
        "CrowdSim.Policy.Epsilon.sum": {
            "value": 5.9592408,
            "min": 5.9592408,
            "max": 5.9592408,
            "count": 1
        },
        "CrowdSim.Policy.Beta.mean": {
            "value": 0.0005000000000000001,
            "min": 0.0005000000000000001,
            "max": 0.0005000000000000001,
            "count": 1
        },
        "CrowdSim.Policy.Beta.sum": {
            "value": 0.015000000000000003,
            "min": 0.015000000000000003,
            "max": 0.015000000000000003,
            "count": 1
        },
        "CrowdSim.Environment.EpisodeLength.mean": {
            "value": 197.88888888888889,
            "min": 197.88888888888889,
            "max": 197.88888888888889,
            "count": 1
        },
        "CrowdSim.Environment.EpisodeLength.sum": {
            "value": 1781.0,
            "min": 1781.0,
            "max": 1781.0,
            "count": 1
        },
        "CrowdSim.Environment.CumulativeReward.mean": {
            "value": -9.627778546677696,
            "min": -9.627778546677696,
            "max": -9.627778546677696,
            "count": 1
        },
        "CrowdSim.Environment.CumulativeReward.sum": {
            "value": -86.65000692009926,
            "min": -86.65000692009926,
            "max": -86.65000692009926,
            "count": 1
        },
        "CrowdSim.Policy.ExtrinsicReward.mean": {
            "value": -9.627778546677696,
            "min": -9.627778546677696,
            "max": -9.627778546677696,
            "count": 1
        },
        "CrowdSim.Policy.ExtrinsicReward.sum": {
            "value": -86.65000692009926,
            "min": -86.65000692009926,
            "max": -86.65000692009926,
            "count": 1
        },
        "CrowdSim.IsTraining.mean": {
            "value": 1.0,
            "min": 1.0,
            "max": 1.0,
            "count": 1
        },
        "CrowdSim.IsTraining.sum": {
            "value": 1.0,
            "min": 1.0,
            "max": 1.0,
            "count": 1
        }
    },
    "metadata": {
        "timer_format_version": "0.1.0",
        "start_time_seconds": "1715104465",
        "python_version": "3.10.12 | packaged by Anaconda, Inc. | (main, Jul  5 2023, 19:01:18) [MSC v.1916 64 bit (AMD64)]",
        "command_line_arguments": "Z:\\Anaconda3\\envs\\crowdSim\\Scripts\\mlagents-learn config/CrowdSim.yaml --initialize-from=uObstacle --run-id=uObstacle2",
        "mlagents_version": "1.0.0",
        "mlagents_envs_version": "1.0.0",
        "communication_protocol_version": "1.5.0",
        "pytorch_version": "2.2.2+cu121",
        "numpy_version": "1.23.5",
        "end_time_seconds": "1715104528"
    },
    "total": 63.07211019995157,
    "count": 1,
    "self": 0.006751199951395392,
    "children": {
        "run_training.setup": {
            "total": 0.0657890000147745,
            "count": 1,
            "self": 0.0657890000147745
        },
        "TrainerController.start_learning": {
            "total": 62.9995699999854,
            "count": 1,
            "self": 0.011357800220139325,
            "children": {
                "TrainerController._reset_env": {
                    "total": 9.616629099939018,
                    "count": 1,
                    "self": 9.616629099939018
                },
                "TrainerController.advance": {
                    "total": 53.273655500030145,
                    "count": 654,
                    "self": 0.010193003807216883,
                    "children": {
                        "env_step": {
                            "total": 11.737802299438044,
                            "count": 654,
                            "self": 10.516425998299383,
                            "children": {
                                "SubprocessEnvManager._take_step": {
                                    "total": 1.214162499527447,
                                    "count": 654,
                                    "self": 0.040555301355198026,
                                    "children": {
                                        "TorchPolicy.evaluate": {
                                            "total": 1.173607198172249,
                                            "count": 645,
                                            "self": 1.173607198172249
                                        }
                                    }
                                },
                                "workers": {
                                    "total": 0.007213801611214876,
                                    "count": 653,
                                    "self": 0.0,
                                    "children": {
                                        "worker_root": {
                                            "total": 50.306325901066884,
                                            "count": 653,
                                            "is_parallel": true,
                                            "self": 44.75107880088035,
                                            "children": {
                                                "steps_from_proto": {
                                                    "total": 0.0006629000417888165,
                                                    "count": 1,
                                                    "is_parallel": true,
                                                    "self": 0.0001218999968841672,